timestamp;buyer;seller;symbol;currency;price;quantity
0;;;ASH_COATED_OSMIUM;XIRECS;9995.0;6
3600;;;ASH_COATED_OSMIUM;XIRECS;10009.0;3
4200;;;ASH_COATED_OSMIUM;XIRECS;10009.0;2
4400;;;INTARIAN_PEPPER_ROOT;XIRECS;12011.0;5
4800;;;INTARIAN_PEPPER_ROOT;XIRECS;12008.0;3
5000;;;INTARIAN_PEPPER_ROOT;XIRECS;11998.0;5
9100;;;ASH_COATED_OSMIUM;XIRECS;9998.0;4
9600;;;ASH_COATED_OSMIUM;XIRECS;9993.0;6
10000;;;ASH_COATED_OSMIUM;XIRECS;9994.0;8
12100;;;ASH_COATED_OSMIUM;XIRECS;9994.0;5
14000;;;ASH_COATED_OSMIUM;XIRECS;10011.0;3
15100;;;ASH_COATED_OSMIUM;XIRECS;10010.0;2
15100;;;ASH_COATED_OSMIUM;XIRECS;10010.0;8
17400;;;INTARIAN_PEPPER_ROOT;XIRECS;12013.0;3
18500;;;ASH_COATED_OSMIUM;XIRECS;10010.0;6
23000;;;INTARIAN_PEPPER_ROOT;XIRECS;12016.0;4
23100;;;INTARIAN_PEPPER_ROOT;XIRECS;12019.0;4
23900;;;ASH_COATED_OSMIUM;XIRECS;9993.0;4
24300;;;ASH_COATED_OSMIUM;XIRECS;9993.0;4
24600;;;ASH_COATED_OSMIUM;XIRECS;9992.0;3
30400;;;ASH_COATED_OSMIUM;XIRECS;10009.0;2
30400;;;INTARIAN_PEPPER_ROOT;XIRECS;12037.0;6
32800;;;ASH_COATED_OSMIUM;XIRECS;9992.0;4
34000;;;ASH_COATED_OSMIUM;XIRECS;10010.0;7
34400;;;INTARIAN_PEPPER_ROOT;XIRECS;12041.0;3
34500;;;ASH_COATED_OSMIUM;XIRECS;9993.0;8
35700;;;INTARIAN_PEPPER_ROOT;XIRECS;12042.0;7
35700;;;INTARIAN_PEPPER_ROOT;XIRECS;12039.0;3
35800;;;INTARIAN_PEPPER_ROOT;XIRECS;12032.0;7
36500;;;ASH_COATED_OSMIUM;XIRECS;10008.0;3
37900;;;ASH_COATED_OSMIUM;XIRECS;9992.0;4
38400;;;ASH_COATED_OSMIUM;XIRECS;10009.0;3
38500;;;INTARIAN_PEPPER_ROOT;XIRECS;12032.0;5
39100;;;ASH_COATED_OSMIUM;XIRECS;10009.0;6
39900;;;ASH_COATED_OSMIUM;XIRECS;10010.0;7
41500;;;ASH_COATED_OSMIUM;XIRECS;10009.0;5
42800;;;INTARIAN_PEPPER_ROOT;XIRECS;12049.0;5
44700;;;INTARIAN_PEPPER_ROOT;XIRECS;12041.0;8
50900;;;ASH_COATED_OSMIUM;XIRECS;9990.0;5
51400;;;INTARIAN_PEPPER_ROOT;XIRECS;12045.0;4
52600;;;INTARIAN_PEPPER_ROOT;XIRECS;12056.0;8
54600;;;ASH_COATED_OSMIUM;XIRECS;9988.0;6
57000;;;INTARIAN_PEPPER_ROOT;XIRECS;12064.0;4
58400;;;ASH_COATED_OSMIUM;XIRECS;9987.0;3
59500;;;ASH_COATED_OSMIUM;XIRECS;10002.0;2
61700;;;INTARIAN_PEPPER_ROOT;XIRECS;12068.0;6
62000;;;ASH_COATED_OSMIUM;XIRECS;10005.0;6
63700;;;ASH_COATED_OSMIUM;XIRECS;9989.0;2
64300;;;INTARIAN_PEPPER_ROOT;XIRECS;12060.0;3
64900;;;ASH_COATED_OSMIUM;XIRECS;10004.0;4
65300;;;ASH_COATED_OSMIUM;XIRECS;9988.0;2
67600;;;INTARIAN_PEPPER_ROOT;XIRECS;12071.0;4
68000;;;ASH_COATED_OSMIUM;XIRECS;10005.0;3
70400;;;INTARIAN_PEPPER_ROOT;XIRECS;12074.0;5
71500;;;INTARIAN_PEPPER_ROOT;XIRECS;12067.0;4
73700;;;INTARIAN_PEPPER_ROOT;XIRECS;12067.0;4
76300;;;ASH_COATED_OSMIUM;XIRECS;9993.0;6
76500;;;ASH_COATED_OSMIUM;XIRECS;10010.0;8
77200;;;INTARIAN_PEPPER_ROOT;XIRECS;12071.0;3
80200;;;INTARIAN_PEPPER_ROOT;XIRECS;12074.0;5
83000;;;INTARIAN_PEPPER_ROOT;XIRECS;12086.0;6
83700;;;ASH_COATED_OSMIUM;XIRECS;10005.0;2
84400;;;INTARIAN_PEPPER_ROOT;XIRECS;12088.0;5
84600;;;INTARIAN_PEPPER_ROOT;XIRECS;12091.0;6
84800;;;INTARIAN_PEPPER_ROOT;XIRECS;12088.0;5
85500;;;ASH_COATED_OSMIUM;XIRECS;9988.0;7
85700;;;ASH_COATED_OSMIUM;XIRECS;9995.0;3
85900;;;ASH_COATED_OSMIUM;XIRECS;9989.0;5
87400;;;INTARIAN_PEPPER_ROOT;XIRECS;12081.0;3
87900;;;ASH_COATED_OSMIUM;XIRECS;9992.0;5
88300;;;ASH_COATED_OSMIUM;XIRECS;10009.0;2
90200;;;ASH_COATED_OSMIUM;XIRECS;10011.0;10
90700;;;ASH_COATED_OSMIUM;XIRECS;10011.0;2
90800;;;ASH_COATED_OSMIUM;XIRECS;9995.0;6
91700;;;INTARIAN_PEPPER_ROOT;XIRECS;12088.0;8
92500;;;INTARIAN_PEPPER_ROOT;XIRECS;12099.0;7
95100;;;INTARIAN_PEPPER_ROOT;XIRECS;12091.0;8
95900;;;ASH_COATED_OSMIUM;XIRECS;10008.0;3
96900;;;ASH_COATED_OSMIUM;XIRECS;10007.0;6
96900;;;ASH_COATED_OSMIUM;XIRECS;10007.0;8
97200;;;INTARIAN_PEPPER_ROOT;XIRECS;12104.0;7
105900;;;ASH_COATED_OSMIUM;XIRECS;10010.0;5
107000;;;INTARIAN_PEPPER_ROOT;XIRECS;12114.0;7
107200;;;ASH_COATED_OSMIUM;XIRECS;9995.0;3
108800;;;INTARIAN_PEPPER_ROOT;XIRECS;12112.0;3
109800;;;INTARIAN_PEPPER_ROOT;XIRECS;12116.0;4
109800;;;INTARIAN_PEPPER_ROOT;XIRECS;12113.0;3
110500;;;INTARIAN_PEPPER_ROOT;XIRECS;12114.0;8
111600;;;ASH_COATED_OSMIUM;XIRECS;9993.0;5
114700;;;ASH_COATED_OSMIUM;XIRECS;9995.0;3
116100;;;ASH_COATED_OSMIUM;XIRECS;9995.0;8
117500;;;INTARIAN_PEPPER_ROOT;XIRECS;12111.0;6
120100;;;INTARIAN_PEPPER_ROOT;XIRECS;12127.0;4
122000;;;ASH_COATED_OSMIUM;XIRECS;10012.0;10
122300;;;ASH_COATED_OSMIUM;XIRECS;10012.0;5
122400;;;INTARIAN_PEPPER_ROOT;XIRECS;12129.0;7
124500;;;ASH_COATED_OSMIUM;XIRECS;9994.0;2
126400;;;ASH_COATED_OSMIUM;XIRECS;9993.0;6
126500;;;ASH_COATED_OSMIUM;XIRECS;9993.0;6
127800;;;ASH_COATED_OSMIUM;XIRECS;10009.0;2
127800;;;INTARIAN_PEPPER_ROOT;XIRECS;12121.0;3
129500;;;INTARIAN_PEPPER_ROOT;XIRECS;12136.0;3
130300;;;ASH_COATED_OSMIUM;XIRECS;10009.0;2
131000;;;ASH_COATED_OSMIUM;XIRECS;10008.0;9
131100;;;INTARIAN_PEPPER_ROOT;XIRECS;12138.0;4
131400;;;ASH_COATED_OSMIUM;XIRECS;10009.0;2
132300;;;INTARIAN_PEPPER_ROOT;XIRECS;12126.0;3
134400;;;INTARIAN_PEPPER_ROOT;XIRECS;12141.0;4
137700;;;ASH_COATED_OSMIUM;XIRECS;10009.0;3
138000;;;INTARIAN_PEPPER_ROOT;XIRECS;12131.0;4
138700;;;INTARIAN_PEPPER_ROOT;XIRECS;12142.0;3
139400;;;ASH_COATED_OSMIUM;XIRECS;9995.0;6
139400;;;ASH_COATED_OSMIUM;XIRECS;9995.0;5
141900;;;INTARIAN_PEPPER_ROOT;XIRECS;12135.0;4
142000;;;ASH_COATED_OSMIUM;XIRECS;9994.0;2
142200;;;ASH_COATED_OSMIUM;XIRECS;9994.0;6
142300;;;INTARIAN_PEPPER_ROOT;XIRECS;12145.0;6
146700;;;ASH_COATED_OSMIUM;XIRECS;10010.0;6
148200;;;INTARIAN_PEPPER_ROOT;XIRECS;12142.0;7
149500;;;ASH_COATED_OSMIUM;XIRECS;10010.0;9
153200;;;ASH_COATED_OSMIUM;XIRECS;9996.0;5
154600;;;ASH_COATED_OSMIUM;XIRECS;9995.0;2
155300;;;ASH_COATED_OSMIUM;XIRECS;10012.0;10
155500;;;ASH_COATED_OSMIUM;XIRECS;10012.0;6
155700;;;ASH_COATED_OSMIUM;XIRECS;10013.0;7
155800;;;ASH_COATED_OSMIUM;XIRECS;9997.0;5
158200;;;ASH_COATED_OSMIUM;XIRECS;9998.0;5
164100;;;INTARIAN_PEPPER_ROOT;XIRECS;12167.0;5
164200;;;INTARIAN_PEPPER_ROOT;XIRECS;12160.0;7
165300;;;ASH_COATED_OSMIUM;XIRECS;9998.0;5
170300;;;INTARIAN_PEPPER_ROOT;XIRECS;12177.0;7
170500;;;INTARIAN_PEPPER_ROOT;XIRECS;12174.0;7
172700;;;ASH_COATED_OSMIUM;XIRECS;10015.0;4
173100;;;ASH_COATED_OSMIUM;XIRECS;10009.0;2
177700;;;ASH_COATED_OSMIUM;XIRECS;9998.0;10
177900;;;INTARIAN_PEPPER_ROOT;XIRECS;12171.0;5
181600;;;ASH_COATED_OSMIUM;XIRECS;9999.0;2
182700;;;ASH_COATED_OSMIUM;XIRECS;9998.0;5
184700;;;ASH_COATED_OSMIUM;XIRECS;10008.0;5
184800;;;ASH_COATED_OSMIUM;XIRECS;9999.0;4
185500;;;INTARIAN_PEPPER_ROOT;XIRECS;12189.0;5
185900;;;ASH_COATED_OSMIUM;XIRECS;10000.0;10
186800;;;ASH_COATED_OSMIUM;XIRECS;10005.0;4
189700;;;INTARIAN_PEPPER_ROOT;XIRECS;12186.0;6
190400;;;ASH_COATED_OSMIUM;XIRECS;10012.0;3
191800;;;INTARIAN_PEPPER_ROOT;XIRECS;12185.0;4
192600;;;ASH_COATED_OSMIUM;XIRECS;9997.0;8
192900;;;ASH_COATED_OSMIUM;XIRECS;10013.0;10
194900;;;INTARIAN_PEPPER_ROOT;XIRECS;12191.0;6
197300;;;ASH_COATED_OSMIUM;XIRECS;9997.0;9
198600;;;INTARIAN_PEPPER_ROOT;XIRECS;12192.0;5
199400;;;INTARIAN_PEPPER_ROOT;XIRECS;12206.0;5
200100;;;ASH_COATED_OSMIUM;XIRECS;9997.0;6
200300;;;ASH_COATED_OSMIUM;XIRECS;9998.0;10
200400;;;ASH_COATED_OSMIUM;XIRECS;10014.0;2
200600;;;ASH_COATED_OSMIUM;XIRECS;10013.0;2
200700;;;ASH_COATED_OSMIUM;XIRECS;10012.0;8
201700;;;ASH_COATED_OSMIUM;XIRECS;9997.0;4
204000;;;INTARIAN_PEPPER_ROOT;XIRECS;12211.0;7
204600;;;INTARIAN_PEPPER_ROOT;XIRECS;12198.0;5
205600;;;ASH_COATED_OSMIUM;XIRECS;9994.0;2
206600;;;ASH_COATED_OSMIUM;XIRECS;9993.0;7
207500;;;INTARIAN_PEPPER_ROOT;XIRECS;12214.0;3
208900;;;ASH_COATED_OSMIUM;XIRECS;9990.0;10
210000;;;ASH_COATED_OSMIUM;XIRECS;9990.0;4
211400;;;INTARIAN_PEPPER_ROOT;XIRECS;12207.0;7
212100;;;INTARIAN_PEPPER_ROOT;XIRECS;12215.0;4
212700;;;ASH_COATED_OSMIUM;XIRECS;9989.0;6
212900;;;INTARIAN_PEPPER_ROOT;XIRECS;12209.0;5
215000;;;INTARIAN_PEPPER_ROOT;XIRECS;12222.0;7
217000;;;INTARIAN_PEPPER_ROOT;XIRECS;12224.0;5
217500;;;INTARIAN_PEPPER_ROOT;XIRECS;12224.0;6
220600;;;INTARIAN_PEPPER_ROOT;XIRECS;12216.0;4
220800;;;INTARIAN_PEPPER_ROOT;XIRECS;12224.0;6
222900;;;ASH_COATED_OSMIUM;XIRECS;10009.0;2
224300;;;INTARIAN_PEPPER_ROOT;XIRECS;12231.0;3
224800;;;ASH_COATED_OSMIUM;XIRECS;10008.0;5
224900;;;ASH_COATED_OSMIUM;XIRECS;10008.0;7
225000;;;INTARIAN_PEPPER_ROOT;XIRECS;12218.0;7
226200;;;ASH_COATED_OSMIUM;XIRECS;9991.0;6
227600;;;ASH_COATED_OSMIUM;XIRECS;9990.0;5
228000;;;ASH_COATED_OSMIUM;XIRECS;9990.0;5
229200;;;ASH_COATED_OSMIUM;XIRECS;10001.0;2
229600;;;ASH_COATED_OSMIUM;XIRECS;10008.0;5
234600;;;INTARIAN_PEPPER_ROOT;XIRECS;12241.0;4
235600;;;ASH_COATED_OSMIUM;XIRECS;9989.0;8
236100;;;ASH_COATED_OSMIUM;XIRECS;9989.0;4
236500;;;ASH_COATED_OSMIUM;XIRECS;9989.0;2
236600;;;ASH_COATED_OSMIUM;XIRECS;9990.0;4
237000;;;ASH_COATED_OSMIUM;XIRECS;10005.0;5
237100;;;ASH_COATED_OSMIUM;XIRECS;9989.0;3
237500;;;INTARIAN_PEPPER_ROOT;XIRECS;12244.0;4
239700;;;INTARIAN_PEPPER_ROOT;XIRECS;12246.0;7
241700;;;ASH_COATED_OSMIUM;XIRECS;9988.0;7
242000;;;INTARIAN_PEPPER_ROOT;XIRECS;12249.0;7
242800;;;ASH_COATED_OSMIUM;XIRECS;10003.0;5
243200;;;ASH_COATED_OSMIUM;XIRECS;10003.0;6
243500;;;INTARIAN_PEPPER_ROOT;XIRECS;12247.0;4
243700;;;ASH_COATED_OSMIUM;XIRECS;10003.0;6
246200;;;ASH_COATED_OSMIUM;XIRECS;9986.0;9
247600;;;ASH_COATED_OSMIUM;XIRECS;9985.0;6
248700;;;INTARIAN_PEPPER_ROOT;XIRECS;12242.0;4
251700;;;ASH_COATED_OSMIUM;XIRECS;9985.0;4
252300;;;ASH_COATED_OSMIUM;XIRECS;10001.0;5
252400;;;ASH_COATED_OSMIUM;XIRECS;10001.0;7
258300;;;ASH_COATED_OSMIUM;XIRECS;10003.0;9
258400;;;ASH_COATED_OSMIUM;XIRECS;10004.0;4
259400;;;ASH_COATED_OSMIUM;XIRECS;9989.0;8
260100;;;INTARIAN_PEPPER_ROOT;XIRECS;12267.0;5
260500;;;ASH_COATED_OSMIUM;XIRECS;10006.0;7
260600;;;ASH_COATED_OSMIUM;XIRECS;10006.0;2
261300;;;ASH_COATED_OSMIUM;XIRECS;9990.0;2
264100;;;INTARIAN_PEPPER_ROOT;XIRECS;12257.0;7
265000;;;ASH_COATED_OSMIUM;XIRECS;9991.0;8
265100;;;INTARIAN_PEPPER_ROOT;XIRECS;12261.0;6
267000;;;ASH_COATED_OSMIUM;XIRECS;9993.0;9
267500;;;INTARIAN_PEPPER_ROOT;XIRECS;12261.0;3
268800;;;ASH_COATED_OSMIUM;XIRECS;10009.0;6
269400;;;ASH_COATED_OSMIUM;XIRECS;9993.0;4
270400;;;ASH_COATED_OSMIUM;XIRECS;10011.0;2
270700;;;INTARIAN_PEPPER_ROOT;XIRECS;12277.0;6
271100;;;INTARIAN_PEPPER_ROOT;XIRECS;12267.0;3
271800;;;ASH_COATED_OSMIUM;XIRECS;10011.0;5
272800;;;ASH_COATED_OSMIUM;XIRECS;10012.0;6
274100;;;INTARIAN_PEPPER_ROOT;XIRECS;12270.0;6
275600;;;ASH_COATED_OSMIUM;XIRECS;10011.0;4
280900;;;ASH_COATED_OSMIUM;XIRECS;9994.0;2
282500;;;ASH_COATED_OSMIUM;XIRECS;9994.0;4
282600;;;INTARIAN_PEPPER_ROOT;XIRECS;12286.0;6
282700;;;ASH_COATED_OSMIUM;XIRECS;10004.0;3
291400;;;ASH_COATED_OSMIUM;XIRECS;9994.0;3
294100;;;INTARIAN_PEPPER_ROOT;XIRECS;12301.0;3
295500;;;ASH_COATED_OSMIUM;XIRECS;10009.0;8
297000;;;ASH_COATED_OSMIUM;XIRECS;10010.0;9
297300;;;ASH_COATED_OSMIUM;XIRECS;10011.0;3
299500;;;ASH_COATED_OSMIUM;XIRECS;9996.0;2
300000;;;INTARIAN_PEPPER_ROOT;XIRECS;12307.0;7
301400;;;INTARIAN_PEPPER_ROOT;XIRECS;12308.0;7
301600;;;ASH_COATED_OSMIUM;XIRECS;9994.0;9
302800;;;ASH_COATED_OSMIUM;XIRECS;10003.0;2
306000;;;INTARIAN_PEPPER_ROOT;XIRECS;12309.0;5
306200;;;ASH_COATED_OSMIUM;XIRECS;9994.0;6
306500;;;ASH_COATED_OSMIUM;XIRECS;10010.0;5
307600;;;ASH_COATED_OSMIUM;XIRECS;9994.0;5
310000;;;ASH_COATED_OSMIUM;XIRECS;10008.0;9
310900;;;ASH_COATED_OSMIUM;XIRECS;10009.0;6
311200;;;INTARIAN_PEPPER_ROOT;XIRECS;12305.0;3
311700;;;INTARIAN_PEPPER_ROOT;XIRECS;12315.0;6
313100;;;ASH_COATED_OSMIUM;XIRECS;9995.0;2
313600;;;ASH_COATED_OSMIUM;XIRECS;10012.0;3
314400;;;INTARIAN_PEPPER_ROOT;XIRECS;12321.0;6
320900;;;ASH_COATED_OSMIUM;XIRECS;10013.0;6
323200;;;INTARIAN_PEPPER_ROOT;XIRECS;12326.0;5
323500;;;ASH_COATED_OSMIUM;XIRECS;9994.0;6
324600;;;ASH_COATED_OSMIUM;XIRECS;9993.0;2
325000;;;ASH_COATED_OSMIUM;XIRECS;10009.0;5
327400;;;INTARIAN_PEPPER_ROOT;XIRECS;12321.0;6
327600;;;INTARIAN_PEPPER_ROOT;XIRECS;12334.0;3
329000;;;ASH_COATED_OSMIUM;XIRECS;9993.0;9
329800;;;ASH_COATED_OSMIUM;XIRECS;10009.0;4
330600;;;ASH_COATED_OSMIUM;XIRECS;9994.0;2
331500;;;INTARIAN_PEPPER_ROOT;XIRECS;12325.0;3
331800;;;ASH_COATED_OSMIUM;XIRECS;10011.0;8
332800;;;ASH_COATED_OSMIUM;XIRECS;10010.0;5
333200;;;INTARIAN_PEPPER_ROOT;XIRECS;12340.0;7
334400;;;INTARIAN_PEPPER_ROOT;XIRECS;12341.0;3
334700;;;INTARIAN_PEPPER_ROOT;XIRECS;12328.0;3
335300;;;INTARIAN_PEPPER_ROOT;XIRECS;12342.0;3
335400;;;INTARIAN_PEPPER_ROOT;XIRECS;12339.0;6
335800;;;ASH_COATED_OSMIUM;XIRECS;9994.0;6
336000;;;ASH_COATED_OSMIUM;XIRECS;9995.0;6
336400;;;ASH_COATED_OSMIUM;XIRECS;10012.0;9
336500;;;INTARIAN_PEPPER_ROOT;XIRECS;12343.0;6
336800;;;ASH_COATED_OSMIUM;XIRECS;9996.0;4
336800;;;INTARIAN_PEPPER_ROOT;XIRECS;12333.0;5
337200;;;ASH_COATED_OSMIUM;XIRECS;9995.0;6
337300;;;ASH_COATED_OSMIUM;XIRECS;9995.0;7
337400;;;INTARIAN_PEPPER_ROOT;XIRECS;12331.0;7
340700;;;ASH_COATED_OSMIUM;XIRECS;10009.0;2
341200;;;ASH_COATED_OSMIUM;XIRECS;9994.0;2
342400;;;ASH_COATED_OSMIUM;XIRECS;9995.0;5
344000;;;INTARIAN_PEPPER_ROOT;XIRECS;12340.0;3
344200;;;ASH_COATED_OSMIUM;XIRECS;9996.0;4
345800;;;ASH_COATED_OSMIUM;XIRECS;9996.0;3
346200;;;ASH_COATED_OSMIUM;XIRECS;9995.0;4
349400;;;ASH_COATED_OSMIUM;XIRECS;10003.0;4
350400;;;ASH_COATED_OSMIUM;XIRECS;10008.0;5
350900;;;INTARIAN_PEPPER_ROOT;XIRECS;12358.0;4
351800;;;ASH_COATED_OSMIUM;XIRECS;10010.0;5
351900;;;INTARIAN_PEPPER_ROOT;XIRECS;12345.0;7
352100;;;INTARIAN_PEPPER_ROOT;XIRECS;12348.0;4
352300;;;INTARIAN_PEPPER_ROOT;XIRECS;12356.0;8
352500;;;INTARIAN_PEPPER_ROOT;XIRECS;12359.0;6
353000;;;ASH_COATED_OSMIUM;XIRECS;9993.0;5
354000;;;INTARIAN_PEPPER_ROOT;XIRECS;12361.0;6
356700;;;ASH_COATED_OSMIUM;XIRECS;10011.0;9
356800;;;INTARIAN_PEPPER_ROOT;XIRECS;12350.0;6
357500;;;ASH_COATED_OSMIUM;XIRECS;9996.0;3
358000;;;INTARIAN_PEPPER_ROOT;XIRECS;12351.0;3
358400;;;ASH_COATED_OSMIUM;XIRECS;10011.0;3
358400;;;INTARIAN_PEPPER_ROOT;XIRECS;12362.0;5
359300;;;ASH_COATED_OSMIUM;XIRECS;9995.0;4
360000;;;INTARIAN_PEPPER_ROOT;XIRECS;12363.0;7
360800;;;INTARIAN_PEPPER_ROOT;XIRECS;12367.0;5
361400;;;ASH_COATED_OSMIUM;XIRECS;9994.0;6
361600;;;INTARIAN_PEPPER_ROOT;XIRECS;12357.0;5
363200;;;ASH_COATED_OSMIUM;XIRECS;10010.0;2
365300;;;ASH_COATED_OSMIUM;XIRECS;9994.0;3
365400;;;INTARIAN_PEPPER_ROOT;XIRECS;12361.0;7
367300;;;INTARIAN_PEPPER_ROOT;XIRECS;12361.0;5
370900;;;INTARIAN_PEPPER_ROOT;XIRECS;12378.0;4
371200;;;INTARIAN_PEPPER_ROOT;XIRECS;12365.0;3
372300;;;INTARIAN_PEPPER_ROOT;XIRECS;12368.0;6
374600;;;INTARIAN_PEPPER_ROOT;XIRECS;12381.0;3
375300;;;ASH_COATED_OSMIUM;XIRECS;9995.0;4
375400;;;ASH_COATED_OSMIUM;XIRECS;10010.0;3
376700;;;INTARIAN_PEPPER_ROOT;XIRECS;12372.0;7
377400;;;ASH_COATED_OSMIUM;XIRECS;9994.0;4
380800;;;INTARIAN_PEPPER_ROOT;XIRECS;12387.0;3
380900;;;ASH_COATED_OSMIUM;XIRECS;9995.0;8
381000;;;ASH_COATED_OSMIUM;XIRECS;10010.0;2
383000;;;ASH_COATED_OSMIUM;XIRECS;10009.0;6
384000;;;ASH_COATED_OSMIUM;XIRECS;9993.0;4
389800;;;ASH_COATED_OSMIUM;XIRECS;10009.0;10
389900;;;ASH_COATED_OSMIUM;XIRECS;9993.0;7
390400;;;ASH_COATED_OSMIUM;XIRECS;9993.0;9
391100;;;ASH_COATED_OSMIUM;XIRECS;9992.0;4
392300;;;ASH_COATED_OSMIUM;XIRECS;10010.0;5
399100;;;INTARIAN_PEPPER_ROOT;XIRECS;12392.0;3
401000;;;INTARIAN_PEPPER_ROOT;XIRECS;12397.0;8
401700;;;ASH_COATED_OSMIUM;XIRECS;10012.0;9
402400;;;ASH_COATED_OSMIUM;XIRECS;9994.0;5
405200;;;ASH_COATED_OSMIUM;XIRECS;9992.0;2
407400;;;ASH_COATED_OSMIUM;XIRECS;10010.0;8
412600;;;ASH_COATED_OSMIUM;XIRECS;9992.0;4
414000;;;ASH_COATED_OSMIUM;XIRECS;10010.0;6
415200;;;INTARIAN_PEPPER_ROOT;XIRECS;12422.0;6
415800;;;ASH_COATED_OSMIUM;XIRECS;9994.0;6
416100;;;ASH_COATED_OSMIUM;XIRECS;9994.0;2
417100;;;INTARIAN_PEPPER_ROOT;XIRECS;12424.0;5
419000;;;INTARIAN_PEPPER_ROOT;XIRECS;12412.0;6
419200;;;INTARIAN_PEPPER_ROOT;XIRECS;12426.0;4
420300;;;INTARIAN_PEPPER_ROOT;XIRECS;12414.0;7
423300;;;INTARIAN_PEPPER_ROOT;XIRECS;12417.0;6
424700;;;ASH_COATED_OSMIUM;XIRECS;9990.0;6
424900;;;INTARIAN_PEPPER_ROOT;XIRECS;12432.0;7
425200;;;ASH_COATED_OSMIUM;XIRECS;10006.0;6
425800;;;ASH_COATED_OSMIUM;XIRECS;9990.0;7
427600;;;INTARIAN_PEPPER_ROOT;XIRECS;12421.0;7
430100;;;ASH_COATED_OSMIUM;XIRECS;10007.0;4
432100;;;INTARIAN_PEPPER_ROOT;XIRECS;12428.0;8
432800;;;ASH_COATED_OSMIUM;XIRECS;9991.0;6
433700;;;ASH_COATED_OSMIUM;XIRECS;9990.0;6
435400;;;ASH_COATED_OSMIUM;XIRECS;9989.0;3
436100;;;INTARIAN_PEPPER_ROOT;XIRECS;12439.0;5
437600;;;INTARIAN_PEPPER_ROOT;XIRECS;12431.0;3
439100;;;ASH_COATED_OSMIUM;XIRECS;10008.0;5
439800;;;ASH_COATED_OSMIUM;XIRECS;10008.0;7
440300;;;ASH_COATED_OSMIUM;XIRECS;10008.0;3
440700;;;ASH_COATED_OSMIUM;XIRECS;9991.0;2
440800;;;INTARIAN_PEPPER_ROOT;XIRECS;12434.0;4
441300;;;INTARIAN_PEPPER_ROOT;XIRECS;12437.0;5
442100;;;ASH_COATED_OSMIUM;XIRECS;10003.0;4
442700;;;ASH_COATED_OSMIUM;XIRECS;10010.0;6
443000;;;ASH_COATED_OSMIUM;XIRECS;10010.0;4
444200;;;ASH_COATED_OSMIUM;XIRECS;10010.0;10
445000;;;ASH_COATED_OSMIUM;XIRECS;10010.0;8
447800;;;INTARIAN_PEPPER_ROOT;XIRECS;12455.0;5
449100;;;ASH_COATED_OSMIUM;XIRECS;9995.0;8
450800;;;ASH_COATED_OSMIUM;XIRECS;10001.0;3
451800;;;ASH_COATED_OSMIUM;XIRECS;9996.0;5
452300;;;ASH_COATED_OSMIUM;XIRECS;10012.0;7
453000;;;INTARIAN_PEPPER_ROOT;XIRECS;12456.0;3
453400;;;ASH_COATED_OSMIUM;XIRECS;9998.0;6
453700;;;ASH_COATED_OSMIUM;XIRECS;10008.0;3
453800;;;INTARIAN_PEPPER_ROOT;XIRECS;12450.0;7
456000;;;ASH_COATED_OSMIUM;XIRECS;10015.0;4
456100;;;INTARIAN_PEPPER_ROOT;XIRECS;12449.0;6
457000;;;INTARIAN_PEPPER_ROOT;XIRECS;12450.0;6
457300;;;INTARIAN_PEPPER_ROOT;XIRECS;12464.0;4
457600;;;INTARIAN_PEPPER_ROOT;XIRECS;12461.0;3
458400;;;ASH_COATED_OSMIUM;XIRECS;10014.0;6
458700;;;INTARIAN_PEPPER_ROOT;XIRECS;12465.0;7
459600;;;INTARIAN_PEPPER_ROOT;XIRECS;12453.0;6
461900;;;INTARIAN_PEPPER_ROOT;XIRECS;12469.0;5
463900;;;ASH_COATED_OSMIUM;XIRECS;10013.0;6
464300;;;INTARIAN_PEPPER_ROOT;XIRECS;12471.0;3
465500;;;ASH_COATED_OSMIUM;XIRECS;10013.0;6
466000;;;INTARIAN_PEPPER_ROOT;XIRECS;12462.0;3
467300;;;INTARIAN_PEPPER_ROOT;XIRECS;12461.0;3
467800;;;ASH_COATED_OSMIUM;XIRECS;10007.0;2
467800;;;ASH_COATED_OSMIUM;XIRECS;10014.0;5
468100;;;ASH_COATED_OSMIUM;XIRECS;9997.0;8
469000;;;INTARIAN_PEPPER_ROOT;XIRECS;12462.0;6
471900;;;ASH_COATED_OSMIUM;XIRECS;10014.0;6
472200;;;ASH_COATED_OSMIUM;XIRECS;9997.0;3
473000;;;INTARIAN_PEPPER_ROOT;XIRECS;12476.0;4
473600;;;INTARIAN_PEPPER_ROOT;XIRECS;12467.0;5
474000;;;INTARIAN_PEPPER_ROOT;XIRECS;12477.0;5
476400;;;ASH_COATED_OSMIUM;XIRECS;10008.0;5
477200;;;ASH_COATED_OSMIUM;XIRECS;9991.0;6
477600;;;INTARIAN_PEPPER_ROOT;XIRECS;12484.0;5
478500;;;ASH_COATED_OSMIUM;XIRECS;9991.0;3
478600;;;ASH_COATED_OSMIUM;XIRECS;9991.0;6
479600;;;ASH_COATED_OSMIUM;XIRECS;9991.0;2
480500;;;INTARIAN_PEPPER_ROOT;XIRECS;12476.0;3
482100;;;INTARIAN_PEPPER_ROOT;XIRECS;12475.0;5
482600;;;ASH_COATED_OSMIUM;XIRECS;9989.0;5
482700;;;ASH_COATED_OSMIUM;XIRECS;9989.0;5
486700;;;INTARIAN_PEPPER_ROOT;XIRECS;12482.0;8
487200;;;ASH_COATED_OSMIUM;XIRECS;10008.0;3
487500;;;ASH_COATED_OSMIUM;XIRECS;9993.0;4
487700;;;ASH_COATED_OSMIUM;XIRECS;9992.0;5
489400;;;INTARIAN_PEPPER_ROOT;XIRECS;12483.0;3
489700;;;ASH_COATED_OSMIUM;XIRECS;10010.0;7
490300;;;INTARIAN_PEPPER_ROOT;XIRECS;12484.0;5
493800;;;INTARIAN_PEPPER_ROOT;XIRECS;12487.0;4
494300;;;ASH_COATED_OSMIUM;XIRECS;10010.0;3
495800;;;INTARIAN_PEPPER_ROOT;XIRECS;12489.0;4
498900;;;ASH_COATED_OSMIUM;XIRECS;9992.0;8
500000;;;ASH_COATED_OSMIUM;XIRECS;9993.0;4
500000;;;INTARIAN_PEPPER_ROOT;XIRECS;12503.0;3
501300;;;INTARIAN_PEPPER_ROOT;XIRECS;12505.0;7
502100;;;ASH_COATED_OSMIUM;XIRECS;9991.0;4
502700;;;ASH_COATED_OSMIUM;XIRECS;10007.0;2
503100;;;ASH_COATED_OSMIUM;XIRECS;9996.0;3
503300;;;INTARIAN_PEPPER_ROOT;XIRECS;12497.0;6
507800;;;INTARIAN_PEPPER_ROOT;XIRECS;12501.0;3
509700;;;INTARIAN_PEPPER_ROOT;XIRECS;12503.0;7
511000;;;ASH_COATED_OSMIUM;XIRECS;9997.0;4
511700;;;ASH_COATED_OSMIUM;XIRECS;10014.0;6
512500;;;ASH_COATED_OSMIUM;XIRECS;10014.0;4
512800;;;ASH_COATED_OSMIUM;XIRECS;9998.0;7
512800;;;INTARIAN_PEPPER_ROOT;XIRECS;12520.0;5
514300;;;ASH_COATED_OSMIUM;XIRECS;9997.0;5
516100;;;ASH_COATED_OSMIUM;XIRECS;10013.0;5
517200;;;ASH_COATED_OSMIUM;XIRECS;10012.0;5
519200;;;INTARIAN_PEPPER_ROOT;XIRECS;12526.0;7
520100;;;ASH_COATED_OSMIUM;XIRECS;10015.0;6
520700;;;INTARIAN_PEPPER_ROOT;XIRECS;12514.0;5
521600;;;INTARIAN_PEPPER_ROOT;XIRECS;12515.0;5
521800;;;ASH_COATED_OSMIUM;XIRECS;9998.0;4
522500;;;ASH_COATED_OSMIUM;XIRECS;10008.0;5
525700;;;ASH_COATED_OSMIUM;XIRECS;9997.0;4
531600;;;INTARIAN_PEPPER_ROOT;XIRECS;12525.0;4
532300;;;ASH_COATED_OSMIUM;XIRECS;9998.0;3
536100;;;ASH_COATED_OSMIUM;XIRECS;10003.0;6
536700;;;INTARIAN_PEPPER_ROOT;XIRECS;12543.0;3
537200;;;ASH_COATED_OSMIUM;XIRECS;10019.0;3
539900;;;INTARIAN_PEPPER_ROOT;XIRECS;12533.0;6
540100;;;ASH_COATED_OSMIUM;XIRECS;10020.0;2
544700;;;INTARIAN_PEPPER_ROOT;XIRECS;12548.0;8
545100;;;INTARIAN_PEPPER_ROOT;XIRECS;12552.0;7
547300;;;ASH_COATED_OSMIUM;XIRECS;10007.0;9
552900;;;ASH_COATED_OSMIUM;XIRECS;10005.0;10
554400;;;ASH_COATED_OSMIUM;XIRECS;10004.0;10
555700;;;INTARIAN_PEPPER_ROOT;XIRECS;12551.0;7
556000;;;INTARIAN_PEPPER_ROOT;XIRECS;12549.0;3
556700;;;ASH_COATED_OSMIUM;XIRECS;10005.0;2
556700;;;INTARIAN_PEPPER_ROOT;XIRECS;12552.0;8
556800;;;INTARIAN_PEPPER_ROOT;XIRECS;12564.0;3
557700;;;ASH_COATED_OSMIUM;XIRECS;10003.0;8
560300;;;ASH_COATED_OSMIUM;XIRECS;10019.0;6
561300;;;INTARIAN_PEPPER_ROOT;XIRECS;12557.0;3
563700;;;ASH_COATED_OSMIUM;XIRECS;10016.0;3
564900;;;INTARIAN_PEPPER_ROOT;XIRECS;12561.0;6
566100;;;INTARIAN_PEPPER_ROOT;XIRECS;12562.0;3
566600;;;ASH_COATED_OSMIUM;XIRECS;10018.0;7
566700;;;INTARIAN_PEPPER_ROOT;XIRECS;12560.0;3
567300;;;ASH_COATED_OSMIUM;XIRECS;10002.0;10
570000;;;INTARIAN_PEPPER_ROOT;XIRECS;12577.0;5
573000;;;ASH_COATED_OSMIUM;XIRECS;10016.0;3
573500;;;INTARIAN_PEPPER_ROOT;XIRECS;12569.0;5
574000;;;ASH_COATED_OSMIUM;XIRECS;10001.0;2
574100;;;ASH_COATED_OSMIUM;XIRECS;10017.0;5
574300;;;ASH_COATED_OSMIUM;XIRECS;10001.0;3
576400;;;INTARIAN_PEPPER_ROOT;XIRECS;12583.0;5
579400;;;INTARIAN_PEPPER_ROOT;XIRECS;12586.0;7
579600;;;INTARIAN_PEPPER_ROOT;XIRECS;12586.0;7
580100;;;INTARIAN_PEPPER_ROOT;XIRECS;12573.0;7
581300;;;ASH_COATED_OSMIUM;XIRECS;10016.0;2
582100;;;INTARIAN_PEPPER_ROOT;XIRECS;12575.0;5
583900;;;ASH_COATED_OSMIUM;XIRECS;10014.0;7
584000;;;ASH_COATED_OSMIUM;XIRECS;10013.0;8
584200;;;INTARIAN_PEPPER_ROOT;XIRECS;12591.0;4
585100;;;INTARIAN_PEPPER_ROOT;XIRECS;12578.0;5
589400;;;INTARIAN_PEPPER_ROOT;XIRECS;12585.0;3
590100;;;ASH_COATED_OSMIUM;XIRECS;10012.0;3
590200;;;INTARIAN_PEPPER_ROOT;XIRECS;12597.0;3
592000;;;INTARIAN_PEPPER_ROOT;XIRECS;12595.0;6
593600;;;INTARIAN_PEPPER_ROOT;XIRECS;12600.0;3
594800;;;ASH_COATED_OSMIUM;XIRECS;10013.0;2
600300;;;INTARIAN_PEPPER_ROOT;XIRECS;12593.0;6
600600;;;ASH_COATED_OSMIUM;XIRECS;9993.0;6
602900;;;ASH_COATED_OSMIUM;XIRECS;10002.0;2
605700;;;INTARIAN_PEPPER_ROOT;XIRECS;12599.0;3
607200;;;ASH_COATED_OSMIUM;XIRECS;9996.0;3
607600;;;ASH_COATED_OSMIUM;XIRECS;10012.0;5
610300;;;INTARIAN_PEPPER_ROOT;XIRECS;12603.0;5
611400;;;ASH_COATED_OSMIUM;XIRECS;9993.0;6
611700;;;ASH_COATED_OSMIUM;XIRECS;9993.0;5
612000;;;ASH_COATED_OSMIUM;XIRECS;10001.0;2
612300;;;INTARIAN_PEPPER_ROOT;XIRECS;12608.0;8
615600;;;ASH_COATED_OSMIUM;XIRECS;10009.0;5
619300;;;INTARIAN_PEPPER_ROOT;XIRECS;12626.0;7
620700;;;ASH_COATED_OSMIUM;XIRECS;10011.0;8
622700;;;ASH_COATED_OSMIUM;XIRECS;10013.0;4
623200;;;INTARIAN_PEPPER_ROOT;XIRECS;12630.0;6
624500;;;ASH_COATED_OSMIUM;XIRECS;9995.0;6
628900;;;ASH_COATED_OSMIUM;XIRECS;10008.0;6
629000;;;INTARIAN_PEPPER_ROOT;XIRECS;12622.0;4
630900;;;INTARIAN_PEPPER_ROOT;XIRECS;12624.0;6
632100;;;ASH_COATED_OSMIUM;XIRECS;10009.0;5
634000;;;ASH_COATED_OSMIUM;XIRECS;9995.0;2
634300;;;INTARIAN_PEPPER_ROOT;XIRECS;12641.0;6
634400;;;INTARIAN_PEPPER_ROOT;XIRECS;12638.0;5
636300;;;INTARIAN_PEPPER_ROOT;XIRECS;12629.0;5
636900;;;INTARIAN_PEPPER_ROOT;XIRECS;12644.0;6
638800;;;INTARIAN_PEPPER_ROOT;XIRECS;12646.0;4
639100;;;ASH_COATED_OSMIUM;XIRECS;10012.0;8
639100;;;INTARIAN_PEPPER_ROOT;XIRECS;12632.0;3
639800;;;INTARIAN_PEPPER_ROOT;XIRECS;12633.0;4
640000;;;INTARIAN_PEPPER_ROOT;XIRECS;12647.0;6
640400;;;ASH_COATED_OSMIUM;XIRECS;9996.0;4
641500;;;INTARIAN_PEPPER_ROOT;XIRECS;12645.0;5
641800;;;ASH_COATED_OSMIUM;XIRECS;10012.0;5
642100;;;INTARIAN_PEPPER_ROOT;XIRECS;12649.0;4
642700;;;ASH_COATED_OSMIUM;XIRECS;10013.0;6
642900;;;INTARIAN_PEPPER_ROOT;XIRECS;12636.0;5
644100;;;ASH_COATED_OSMIUM;XIRECS;10011.0;6
645400;;;ASH_COATED_OSMIUM;XIRECS;9995.0;2
645700;;;ASH_COATED_OSMIUM;XIRECS;10011.0;8
645800;;;INTARIAN_PEPPER_ROOT;XIRECS;12653.0;4
647300;;;ASH_COATED_OSMIUM;XIRECS;10012.0;5
650200;;;INTARIAN_PEPPER_ROOT;XIRECS;12653.0;6
650400;;;ASH_COATED_OSMIUM;XIRECS;9993.0;4
653000;;;INTARIAN_PEPPER_ROOT;XIRECS;12660.0;6
653900;;;ASH_COATED_OSMIUM;XIRECS;9991.0;6
654800;;;ASH_COATED_OSMIUM;XIRECS;9991.0;6
655900;;;ASH_COATED_OSMIUM;XIRECS;9991.0;3
656400;;;INTARIAN_PEPPER_ROOT;XIRECS;12663.0;6
656900;;;ASH_COATED_OSMIUM;XIRECS;9990.0;10
658000;;;ASH_COATED_OSMIUM;XIRECS;9991.0;3
658300;;;ASH_COATED_OSMIUM;XIRECS;10006.0;2
658400;;;ASH_COATED_OSMIUM;XIRECS;10006.0;9
660200;;;ASH_COATED_OSMIUM;XIRECS;10003.0;4
660400;;;INTARIAN_PEPPER_ROOT;XIRECS;12654.0;3
662600;;;INTARIAN_PEPPER_ROOT;XIRECS;12666.0;6
665900;;;INTARIAN_PEPPER_ROOT;XIRECS;12673.0;4
666400;;;ASH_COATED_OSMIUM;XIRECS;9982.0;4
666800;;;ASH_COATED_OSMIUM;XIRECS;9981.0;5
668000;;;ASH_COATED_OSMIUM;XIRECS;10000.0;2
668200;;;INTARIAN_PEPPER_ROOT;XIRECS;12675.0;4
669800;;;INTARIAN_PEPPER_ROOT;XIRECS;12677.0;7
672200;;;INTARIAN_PEPPER_ROOT;XIRECS;12665.0;3
673600;;;ASH_COATED_OSMIUM;XIRECS;9990.0;10
673600;;;INTARIAN_PEPPER_ROOT;XIRECS;12677.0;6
676800;;;ASH_COATED_OSMIUM;XIRECS;9987.0;4
677100;;;ASH_COATED_OSMIUM;XIRECS;9988.0;2
677500;;;INTARIAN_PEPPER_ROOT;XIRECS;12671.0;4
677800;;;INTARIAN_PEPPER_ROOT;XIRECS;12671.0;3
679200;;;ASH_COATED_OSMIUM;XIRECS;10002.0;5
681200;;;ASH_COATED_OSMIUM;XIRECS;10002.0;9
681700;;;INTARIAN_PEPPER_ROOT;XIRECS;12689.0;7
681900;;;ASH_COATED_OSMIUM;XIRECS;9992.0;3
682900;;;ASH_COATED_OSMIUM;XIRECS;10003.0;4
682900;;;INTARIAN_PEPPER_ROOT;XIRECS;12690.0;4
685400;;;ASH_COATED_OSMIUM;XIRECS;10001.0;7
687300;;;INTARIAN_PEPPER_ROOT;XIRECS;12680.0;4
687700;;;INTARIAN_PEPPER_ROOT;XIRECS;12683.0;7
688000;;;INTARIAN_PEPPER_ROOT;XIRECS;12695.0;3
689500;;;ASH_COATED_OSMIUM;XIRECS;10002.0;6
689900;;;INTARIAN_PEPPER_ROOT;XIRECS;12697.0;6
690200;;;INTARIAN_PEPPER_ROOT;XIRECS;12683.0;3
690300;;;ASH_COATED_OSMIUM;XIRECS;9984.0;5
690300;;;INTARIAN_PEPPER_ROOT;XIRECS;12697.0;3
690600;;;INTARIAN_PEPPER_ROOT;XIRECS;12694.0;5
690800;;;ASH_COATED_OSMIUM;XIRECS;9983.0;4
691600;;;INTARIAN_PEPPER_ROOT;XIRECS;12685.0;7
692000;;;INTARIAN_PEPPER_ROOT;XIRECS;12685.0;4
699700;;;ASH_COATED_OSMIUM;XIRECS;9990.0;4
699900;;;ASH_COATED_OSMIUM;XIRECS;9997.0;6
700300;;;ASH_COATED_OSMIUM;XIRECS;9997.0;6
700400;;;ASH_COATED_OSMIUM;XIRECS;9981.0;3
701000;;;INTARIAN_PEPPER_ROOT;XIRECS;12697.0;4
701900;;;INTARIAN_PEPPER_ROOT;XIRECS;12709.0;7
702800;;;INTARIAN_PEPPER_ROOT;XIRECS;12696.0;5
703100;;;ASH_COATED_OSMIUM;XIRECS;9983.0;4
703900;;;ASH_COATED_OSMIUM;XIRECS;9984.0;2
705400;;;ASH_COATED_OSMIUM;XIRECS;9984.0;7
707800;;;ASH_COATED_OSMIUM;XIRECS;9982.0;5
708600;;;INTARIAN_PEPPER_ROOT;XIRECS;12715.0;4
708700;;;ASH_COATED_OSMIUM;XIRECS;9982.0;6
710200;;;ASH_COATED_OSMIUM;XIRECS;9998.0;8
712100;;;ASH_COATED_OSMIUM;XIRECS;9997.0;5
714900;;;ASH_COATED_OSMIUM;XIRECS;9985.0;5
717200;;;INTARIAN_PEPPER_ROOT;XIRECS;12724.0;4
720400;;;ASH_COATED_OSMIUM;XIRECS;9996.0;4
722300;;;INTARIAN_PEPPER_ROOT;XIRECS;12726.0;4
723100;;;ASH_COATED_OSMIUM;XIRECS;9979.0;6
724500;;;INTARIAN_PEPPER_ROOT;XIRECS;12731.0;4
725700;;;ASH_COATED_OSMIUM;XIRECS;9980.0;8
726200;;;ASH_COATED_OSMIUM;XIRECS;9981.0;5
727200;;;INTARIAN_PEPPER_ROOT;XIRECS;12734.0;6
727400;;;INTARIAN_PEPPER_ROOT;XIRECS;12734.0;3
728400;;;INTARIAN_PEPPER_ROOT;XIRECS;12722.0;5
729100;;;ASH_COATED_OSMIUM;XIRECS;9999.0;8
729300;;;ASH_COATED_OSMIUM;XIRECS;9984.0;5
730400;;;ASH_COATED_OSMIUM;XIRECS;9999.0;6
730500;;;ASH_COATED_OSMIUM;XIRECS;9983.0;5
731200;;;ASH_COATED_OSMIUM;XIRECS;9999.0;9
733500;;;INTARIAN_PEPPER_ROOT;XIRECS;12740.0;3
734800;;;ASH_COATED_OSMIUM;XIRECS;10001.0;5
734900;;;ASH_COATED_OSMIUM;XIRECS;9985.0;5
736500;;;ASH_COATED_OSMIUM;XIRECS;9999.0;5
737500;;;INTARIAN_PEPPER_ROOT;XIRECS;12741.0;3
739200;;;ASH_COATED_OSMIUM;XIRECS;9999.0;6
739500;;;ASH_COATED_OSMIUM;XIRECS;9983.0;10
742000;;;ASH_COATED_OSMIUM;XIRECS;10000.0;5
742000;;;INTARIAN_PEPPER_ROOT;XIRECS;12738.0;8
743500;;;ASH_COATED_OSMIUM;XIRECS;9984.0;4
745200;;;ASH_COATED_OSMIUM;XIRECS;9985.0;6
745700;;;ASH_COATED_OSMIUM;XIRECS;9985.0;4
746100;;;ASH_COATED_OSMIUM;XIRECS;10001.0;8
748300;;;INTARIAN_PEPPER_ROOT;XIRECS;12750.0;5
750200;;;ASH_COATED_OSMIUM;XIRECS;9995.0;4
751900;;;ASH_COATED_OSMIUM;XIRECS;10005.0;4
752900;;;INTARIAN_PEPPER_ROOT;XIRECS;12760.0;7
753700;;;ASH_COATED_OSMIUM;XIRECS;9998.0;3
754000;;;ASH_COATED_OSMIUM;XIRECS;10005.0;5
755500;;;ASH_COATED_OSMIUM;XIRECS;10005.0;4
755500;;;INTARIAN_PEPPER_ROOT;XIRECS;12749.0;7
755700;;;INTARIAN_PEPPER_ROOT;XIRECS;12763.0;3
756200;;;ASH_COATED_OSMIUM;XIRECS;9989.0;6
756600;;;ASH_COATED_OSMIUM;XIRECS;9990.0;9
756900;;;ASH_COATED_OSMIUM;XIRECS;9990.0;5
757200;;;ASH_COATED_OSMIUM;XIRECS;9990.0;9
758300;;;ASH_COATED_OSMIUM;XIRECS;9990.0;6
761800;;;INTARIAN_PEPPER_ROOT;XIRECS;12757.0;7
763000;;;INTARIAN_PEPPER_ROOT;XIRECS;12770.0;4
763600;;;INTARIAN_PEPPER_ROOT;XIRECS;12770.0;6
763700;;;ASH_COATED_OSMIUM;XIRECS;9989.0;6
763900;;;ASH_COATED_OSMIUM;XIRECS;9989.0;8
764300;;;INTARIAN_PEPPER_ROOT;XIRECS;12757.0;5
766000;;;INTARIAN_PEPPER_ROOT;XIRECS;12769.0;4
767000;;;ASH_COATED_OSMIUM;XIRECS;10006.0;9
770100;;;INTARIAN_PEPPER_ROOT;XIRECS;12763.0;4
771800;;;INTARIAN_PEPPER_ROOT;XIRECS;12775.0;6
775000;;;ASH_COATED_OSMIUM;XIRECS;9996.0;4
775500;;;INTARIAN_PEPPER_ROOT;XIRECS;12779.0;7
776800;;;INTARIAN_PEPPER_ROOT;XIRECS;12770.0;6
777000;;;INTARIAN_PEPPER_ROOT;XIRECS;12770.0;5
777200;;;ASH_COATED_OSMIUM;XIRECS;10007.0;10
779900;;;ASH_COATED_OSMIUM;XIRECS;10005.0;2
781500;;;INTARIAN_PEPPER_ROOT;XIRECS;12777.0;7
782500;;;ASH_COATED_OSMIUM;XIRECS;10005.0;7
783300;;;INTARIAN_PEPPER_ROOT;XIRECS;12776.0;4
785100;;;INTARIAN_PEPPER_ROOT;XIRECS;12778.0;3
787000;;;INTARIAN_PEPPER_ROOT;XIRECS;12790.0;6
787300;;;INTARIAN_PEPPER_ROOT;XIRECS;12780.0;4
788000;;;ASH_COATED_OSMIUM;XIRECS;10005.0;5
789500;;;ASH_COATED_OSMIUM;XIRECS;9989.0;2
791700;;;ASH_COATED_OSMIUM;XIRECS;9989.0;5
791700;;;INTARIAN_PEPPER_ROOT;XIRECS;12787.0;6
792300;;;ASH_COATED_OSMIUM;XIRECS;10005.0;10
793700;;;ASH_COATED_OSMIUM;XIRECS;10005.0;10
793700;;;INTARIAN_PEPPER_ROOT;XIRECS;12801.0;4
796100;;;INTARIAN_PEPPER_ROOT;XIRECS;12799.0;5
796300;;;ASH_COATED_OSMIUM;XIRECS;9990.0;4
796300;;;INTARIAN_PEPPER_ROOT;XIRECS;12789.0;5
796600;;;INTARIAN_PEPPER_ROOT;XIRECS;12800.0;7
798400;;;INTARIAN_PEPPER_ROOT;XIRECS;12805.0;5
802000;;;ASH_COATED_OSMIUM;XIRECS;9997.0;5
802400;;;ASH_COATED_OSMIUM;XIRECS;9994.0;3
803100;;;ASH_COATED_OSMIUM;XIRECS;10006.0;5
805000;;;ASH_COATED_OSMIUM;XIRECS;10006.0;6
805800;;;ASH_COATED_OSMIUM;XIRECS;9991.0;2
806100;;;INTARIAN_PEPPER_ROOT;XIRECS;12799.0;7
806200;;;INTARIAN_PEPPER_ROOT;XIRECS;12808.0;3
809500;;;ASH_COATED_OSMIUM;XIRECS;10000.0;4
810000;;;INTARIAN_PEPPER_ROOT;XIRECS;12813.0;5
810500;;;ASH_COATED_OSMIUM;XIRECS;10011.0;2
811700;;;INTARIAN_PEPPER_ROOT;XIRECS;12805.0;6
813000;;;INTARIAN_PEPPER_ROOT;XIRECS;12806.0;3
815400;;;ASH_COATED_OSMIUM;XIRECS;10010.0;4
815900;;;INTARIAN_PEPPER_ROOT;XIRECS;12819.0;3
821100;;;ASH_COATED_OSMIUM;XIRECS;10011.0;8
823200;;;ASH_COATED_OSMIUM;XIRECS;10004.0;5
823500;;;INTARIAN_PEPPER_ROOT;XIRECS;12827.0;8
825200;;;INTARIAN_PEPPER_ROOT;XIRECS;12829.0;4
825700;;;INTARIAN_PEPPER_ROOT;XIRECS;12829.0;6
829600;;;INTARIAN_PEPPER_ROOT;XIRECS;12823.0;7
831300;;;INTARIAN_PEPPER_ROOT;XIRECS;12835.0;3
832700;;;ASH_COATED_OSMIUM;XIRECS;9997.0;5
833100;;;INTARIAN_PEPPER_ROOT;XIRECS;12826.0;7
833200;;;INTARIAN_PEPPER_ROOT;XIRECS;12826.0;3
835700;;;ASH_COATED_OSMIUM;XIRECS;10016.0;8
836800;;;ASH_COATED_OSMIUM;XIRECS;9999.0;7
837100;;;INTARIAN_PEPPER_ROOT;XIRECS;12844.0;3
839300;;;INTARIAN_PEPPER_ROOT;XIRECS;12846.0;6
839500;;;ASH_COATED_OSMIUM;XIRECS;10013.0;4
840900;;;INTARIAN_PEPPER_ROOT;XIRECS;12837.0;8
841500;;;ASH_COATED_OSMIUM;XIRECS;9996.0;6
842700;;;INTARIAN_PEPPER_ROOT;XIRECS;12836.0;3
842800;;;ASH_COATED_OSMIUM;XIRECS;10013.0;5
843100;;;ASH_COATED_OSMIUM;XIRECS;9997.0;5
843200;;;ASH_COATED_OSMIUM;XIRECS;9997.0;4
844300;;;INTARIAN_PEPPER_ROOT;XIRECS;12848.0;7
844800;;;INTARIAN_PEPPER_ROOT;XIRECS;12840.0;5
845100;;;ASH_COATED_OSMIUM;XIRECS;10013.0;3
845400;;;ASH_COATED_OSMIUM;XIRECS;10013.0;3
845400;;;INTARIAN_PEPPER_ROOT;XIRECS;12841.0;7
846000;;;INTARIAN_PEPPER_ROOT;XIRECS;12839.0;4
846500;;;INTARIAN_PEPPER_ROOT;XIRECS;12853.0;6
846700;;;ASH_COATED_OSMIUM;XIRECS;10014.0;2
847000;;;INTARIAN_PEPPER_ROOT;XIRECS;12854.0;5
847300;;;ASH_COATED_OSMIUM;XIRECS;10014.0;5
847500;;;ASH_COATED_OSMIUM;XIRECS;10014.0;8
847800;;;ASH_COATED_OSMIUM;XIRECS;9998.0;7
848300;;;ASH_COATED_OSMIUM;XIRECS;9997.0;5
851600;;;ASH_COATED_OSMIUM;XIRECS;10014.0;6
852100;;;ASH_COATED_OSMIUM;XIRECS;9999.0;3
852300;;;ASH_COATED_OSMIUM;XIRECS;9998.0;3
854100;;;INTARIAN_PEPPER_ROOT;XIRECS;12861.0;3
857500;;;INTARIAN_PEPPER_ROOT;XIRECS;12851.0;4
858300;;;INTARIAN_PEPPER_ROOT;XIRECS;12851.0;6
859500;;;ASH_COATED_OSMIUM;XIRECS;9992.0;4
861000;;;INTARIAN_PEPPER_ROOT;XIRECS;12857.0;4
861600;;;ASH_COATED_OSMIUM;XIRECS;9999.0;2
861700;;;INTARIAN_PEPPER_ROOT;XIRECS;12855.0;7
864800;;;ASH_COATED_OSMIUM;XIRECS;10006.0;8
865000;;;ASH_COATED_OSMIUM;XIRECS;9990.0;6
867600;;;ASH_COATED_OSMIUM;XIRECS;9991.0;3
869800;;;INTARIAN_PEPPER_ROOT;XIRECS;12877.0;7
870700;;;ASH_COATED_OSMIUM;XIRECS;10007.0;5
871300;;;ASH_COATED_OSMIUM;XIRECS;9990.0;2
871500;;;ASH_COATED_OSMIUM;XIRECS;10007.0;2
874000;;;ASH_COATED_OSMIUM;XIRECS;9998.0;3
875400;;;ASH_COATED_OSMIUM;XIRECS;9990.0;5
875600;;;INTARIAN_PEPPER_ROOT;XIRECS;12869.0;3
877800;;;INTARIAN_PEPPER_ROOT;XIRECS;12885.0;6
877900;;;ASH_COATED_OSMIUM;XIRECS;9991.0;7
878000;;;ASH_COATED_OSMIUM;XIRECS;10007.0;5
878000;;;INTARIAN_PEPPER_ROOT;XIRECS;12874.0;4
880600;;;ASH_COATED_OSMIUM;XIRECS;9992.0;4
881200;;;INTARIAN_PEPPER_ROOT;XIRECS;12885.0;4
883500;;;INTARIAN_PEPPER_ROOT;XIRECS;12877.0;5
886000;;;INTARIAN_PEPPER_ROOT;XIRECS;12889.0;3
887000;;;INTARIAN_PEPPER_ROOT;XIRECS;12890.0;4
887700;;;ASH_COATED_OSMIUM;XIRECS;10005.0;6
887700;;;INTARIAN_PEPPER_ROOT;XIRECS;12881.0;4
889100;;;INTARIAN_PEPPER_ROOT;XIRECS;12896.0;4
891000;;;INTARIAN_PEPPER_ROOT;XIRECS;12898.0;7
891400;;;INTARIAN_PEPPER_ROOT;XIRECS;12895.0;4
892900;;;ASH_COATED_OSMIUM;XIRECS;10006.0;8
893000;;;ASH_COATED_OSMIUM;XIRECS;9990.0;4
898100;;;INTARIAN_PEPPER_ROOT;XIRECS;12894.0;8
899200;;;ASH_COATED_OSMIUM;XIRECS;10009.0;5
899300;;;INTARIAN_PEPPER_ROOT;XIRECS;12906.0;6
901500;;;ASH_COATED_OSMIUM;XIRECS;10008.0;8
901700;;;ASH_COATED_OSMIUM;XIRECS;9993.0;3
904500;;;ASH_COATED_OSMIUM;XIRECS;10011.0;3
904900;;;ASH_COATED_OSMIUM;XIRECS;9994.0;4
904900;;;INTARIAN_PEPPER_ROOT;XIRECS;12912.0;5
905000;;;ASH_COATED_OSMIUM;XIRECS;9995.0;10
905700;;;ASH_COATED_OSMIUM;XIRECS;10012.0;5
907400;;;INTARIAN_PEPPER_ROOT;XIRECS;12914.0;6
907500;;;INTARIAN_PEPPER_ROOT;XIRECS;12914.0;7
909200;;;ASH_COATED_OSMIUM;XIRECS;10000.0;4
909900;;;ASH_COATED_OSMIUM;XIRECS;10016.0;8
910800;;;INTARIAN_PEPPER_ROOT;XIRECS;12904.0;5
911000;;;ASH_COATED_OSMIUM;XIRECS;10016.0;2
912200;;;ASH_COATED_OSMIUM;XIRECS;10017.0;3
912400;;;INTARIAN_PEPPER_ROOT;XIRECS;12919.0;7
914700;;;INTARIAN_PEPPER_ROOT;XIRECS;12922.0;5
917900;;;ASH_COATED_OSMIUM;XIRECS;10018.0;5
918400;;;INTARIAN_PEPPER_ROOT;XIRECS;12925.0;7
918800;;;ASH_COATED_OSMIUM;XIRECS;10002.0;3
920300;;;INTARIAN_PEPPER_ROOT;XIRECS;12927.0;4
920500;;;ASH_COATED_OSMIUM;XIRECS;10019.0;3
920900;;;INTARIAN_PEPPER_ROOT;XIRECS;12928.0;5
921200;;;ASH_COATED_OSMIUM;XIRECS;10018.0;10
922500;;;INTARIAN_PEPPER_ROOT;XIRECS;12929.0;3
922600;;;INTARIAN_PEPPER_ROOT;XIRECS;12916.0;7
923300;;;ASH_COATED_OSMIUM;XIRECS;10001.0;3
923800;;;ASH_COATED_OSMIUM;XIRECS;10011.0;4
927200;;;INTARIAN_PEPPER_ROOT;XIRECS;12931.0;3
928100;;;ASH_COATED_OSMIUM;XIRECS;9998.0;3
928700;;;ASH_COATED_OSMIUM;XIRECS;9999.0;4
929300;;;ASH_COATED_OSMIUM;XIRECS;10014.0;2
930600;;;ASH_COATED_OSMIUM;XIRECS;9998.0;6
932600;;;ASH_COATED_OSMIUM;XIRECS;10014.0;10
933500;;;INTARIAN_PEPPER_ROOT;XIRECS;12940.0;6
933900;;;ASH_COATED_OSMIUM;XIRECS;10015.0;3
935900;;;ASH_COATED_OSMIUM;XIRECS;9999.0;8
936600;;;INTARIAN_PEPPER_ROOT;XIRECS;12932.0;8
937900;;;INTARIAN_PEPPER_ROOT;XIRECS;12931.0;6
938700;;;ASH_COATED_OSMIUM;XIRECS;10014.0;2
939200;;;ASH_COATED_OSMIUM;XIRECS;10014.0;6
939500;;;ASH_COATED_OSMIUM;XIRECS;10013.0;9
942700;;;INTARIAN_PEPPER_ROOT;XIRECS;12938.0;3
946100;;;ASH_COATED_OSMIUM;XIRECS;9998.0;10
947800;;;INTARIAN_PEPPER_ROOT;XIRECS;12941.0;6
947900;;;INTARIAN_PEPPER_ROOT;XIRECS;12944.0;5
948000;;;INTARIAN_PEPPER_ROOT;XIRECS;12955.0;6
948400;;;ASH_COATED_OSMIUM;XIRECS;10015.0;7
949200;;;ASH_COATED_OSMIUM;XIRECS;10015.0;2
949700;;;INTARIAN_PEPPER_ROOT;XIRECS;12957.0;4
956200;;;ASH_COATED_OSMIUM;XIRECS;10003.0;3
957400;;;INTARIAN_PEPPER_ROOT;XIRECS;12953.0;5
957900;;;INTARIAN_PEPPER_ROOT;XIRECS;12965.0;6
959100;;;INTARIAN_PEPPER_ROOT;XIRECS;12962.0;3
960000;;;ASH_COATED_OSMIUM;XIRECS;10004.0;4
964000;;;ASH_COATED_OSMIUM;XIRECS;10019.0;3
964800;;;INTARIAN_PEPPER_ROOT;XIRECS;12958.0;7
965400;;;INTARIAN_PEPPER_ROOT;XIRECS;12958.0;5
966000;;;INTARIAN_PEPPER_ROOT;XIRECS;12959.0;5
968300;;;INTARIAN_PEPPER_ROOT;XIRECS;12972.0;8
970000;;;INTARIAN_PEPPER_ROOT;XIRECS;12966.0;8
970900;;;ASH_COATED_OSMIUM;XIRECS;10018.0;5
973700;;;INTARIAN_PEPPER_ROOT;XIRECS;12981.0;5
974400;;;INTARIAN_PEPPER_ROOT;XIRECS;12967.0;7
974600;;;ASH_COATED_OSMIUM;XIRECS;10017.0;4
975100;;;ASH_COATED_OSMIUM;XIRECS;10000.0;2
975500;;;ASH_COATED_OSMIUM;XIRECS;10016.0;3
976300;;;INTARIAN_PEPPER_ROOT;XIRECS;12983.0;5
976500;;;ASH_COATED_OSMIUM;XIRECS;10000.0;6
976700;;;INTARIAN_PEPPER_ROOT;XIRECS;12984.0;3
977200;;;INTARIAN_PEPPER_ROOT;XIRECS;12973.0;5
978200;;;ASH_COATED_OSMIUM;XIRECS;9999.0;3
978200;;;INTARIAN_PEPPER_ROOT;XIRECS;12985.0;6
980800;;;ASH_COATED_OSMIUM;XIRECS;10017.0;5
981200;;;INTARIAN_PEPPER_ROOT;XIRECS;12977.0;3
982800;;;INTARIAN_PEPPER_ROOT;XIRECS;12976.0;6
984100;;;ASH_COATED_OSMIUM;XIRECS;10018.0;4
985300;;;ASH_COATED_OSMIUM;XIRECS;10000.0;3
986200;;;ASH_COATED_OSMIUM;XIRECS;10017.0;3
986800;;;ASH_COATED_OSMIUM;XIRECS;9999.0;6
987100;;;ASH_COATED_OSMIUM;XIRECS;10016.0;6
987400;;;INTARIAN_PEPPER_ROOT;XIRECS;12980.0;3
988900;;;ASH_COATED_OSMIUM;XIRECS;9998.0;2
989700;;;INTARIAN_PEPPER_ROOT;XIRECS;12983.0;4
990900;;;INTARIAN_PEPPER_ROOT;XIRECS;12984.0;6
991400;;;ASH_COATED_OSMIUM;XIRECS;10002.0;9
993300;;;ASH_COATED_OSMIUM;XIRECS;10001.0;5
994200;;;INTARIAN_PEPPER_ROOT;XIRECS;12987.0;3
995200;;;ASH_COATED_OSMIUM;XIRECS;10016.0;6
996800;;;ASH_COATED_OSMIUM;XIRECS;9999.0;4
